Sample,CountsFile,SRRfile ,Bioproject,Species,SpeciesSmaller,AgeSize,Tissue,Sample#,Species_Signal_Duration_In_ms
com100,Cco_com100_EO_adult_1_htseqcounts_revstranded.txt,SRR25630409,PRJNA1005244,Campylomormyruscompressirostris,Cco,adult,EO,1,0.4
com101,Cco_com101_EO_adult_1_htseqcounts_revstranded.txt,SRR25630408,PRJNA1005244,Campylomormyruscompressirostris,Cco,adult,EO,1,0.4
com102,Cco_com102_EO_adult_1_htseqcounts_revstranded.txt,SRR25630407,PRJNA1005244,Campylomormyruscompressirostris,Cco,adult,EO,1,0.4
com103,Cco_com103_EO_adult_1_htseqcounts_revstranded.txt,SRR25630406,PRJNA1005244,Campylomormyruscompressirostris,Cco,adult,EO,1,0.4
com104,Cco_com104_EO_6cm_1_htseqcounts_revstranded.txt,SRR25630312,PRJNA1005245,Campylomormyruscompressirostris,Cco,6cm,EO,1,0.4
com12,Cco_com12_SM_adult_1_htseqcounts_revstranded.txt,SRR25630373,PRJNA1005244,Campylomormyruscompressirostris,Cco,adult,SM,1,0.4
com121,Cco_com121_EO_6cm_1_htseqcounts_revstranded.txt,SRR25630311,PRJNA1005245,Campylomormyruscompressirostris,Cco,6cm,EO,1,0.4
com123,Cco_com123_EO_6cm_1_htseqcounts_revstranded.txt,SRR25630309,PRJNA1005245,Campylomormyruscompressirostris,Cco,6cm,EO,1,0.4
com124,Cco_com124_EO_6cm_1_htseqcounts_revstranded.txt,SRR25630307,PRJNA1005245,Campylomormyruscompressirostris,Cco,6cm,EO,1,0.4
com125,Cco_com125_EO_6cm_1_htseqcounts_revstranded.txt,SRR25630305,PRJNA1005245,Campylomormyruscompressirostris,Cco,6cm,EO,1,0.4
com13,Cco_com13_SM_adult_1_htseqcounts_revstranded.txt,SRR25630370,PRJNA1005244,Campylomormyruscompressirostris,Cco,adult,SM,1,0.4
com14,Cco_com14_SM_adult_1_htseqcounts_revstranded.txt,SRR25630368,PRJNA1005244,Campylomormyruscompressirostris,Cco,adult,SM,1,0.4
com15,Cco_com15_SM_adult_1_htseqcounts_revstranded.txt,SRR25630366,PRJNA1005244,Campylomormyruscompressirostris,Cco,adult,SM,1,0.4
com97,Cco_com97_EO_adult_1_htseqcounts_revstranded.txt,SRR25630410,PRJNA1005244,Campylomormyruscompressirostris,Cco,adult,EO,1,0.4
comrhy110,CcoxCrh_comrhy110_EO_adult_1_htseqcounts_revstranded.txt,SRR25630384,PRJNA1005244,CampylomormyruscompressirostrisxCampylomormyrusrhynchophorus,CcoxCrh,adult,EO,1,4
comrhy111,CcoxCrh_comrhy111_EO_adult_1_htseqcounts_revstranded.txt,SRR25630382,PRJNA1005244,CampylomormyruscompressirostrisxCampylomormyrusrhynchophorus,CcoxCrh,adult,EO,1,4
comrhy112,CcoxCrh_comrhy112_EO_adult_1_htseqcounts_revstranded.txt,SRR25630380,PRJNA1005244,CampylomormyruscompressirostrisxCampylomormyrusrhynchophorus,CcoxCrh,adult,EO,1,4
comrhy113,CcoxCrh_comrhy113_EO_adult_1_htseqcounts_revstranded.txt,SRR25630378,PRJNA1005244,CampylomormyruscompressirostrisxCampylomormyrusrhynchophorus,CcoxCrh,adult,EO,1,4
comrhy114,CcoxCrh_comrhy114_EO_adult_1_htseqcounts_revstranded.txt,SRR25630376,PRJNA1005244,CampylomormyruscompressirostrisxCampylomormyrusrhynchophorus,CcoxCrh,adult,EO,1,4
comrhy28,CcoxCrh_comrhy28_SM_adult_1_htseqcounts_revstranded.txt,SRR25630342,PRJNA1005244,CampylomormyruscompressirostrisxCampylomormyrusrhynchophorus,CcoxCrh,adult,SM,1,4
comrhy29,CcoxCrh_comrhy29_SM_adult_1_htseqcounts_revstranded.txt,SRR25630340,PRJNA1005244,CampylomormyruscompressirostrisxCampylomormyrusrhynchophorus,CcoxCrh,adult,SM,1,4
comrhy31,CcoxCrh_comrhy31_SM_adult_1_htseqcounts_revstranded.txt,SRR25630338,PRJNA1005244,CampylomormyruscompressirostrisxCampylomormyrusrhynchophorus,CcoxCrh,adult,SM,1,4
comrhy32,CcoxCrh_comrhy32_SM_adult_1_htseqcounts_revstranded.txt,SRR25630337,PRJNA1005244,CampylomormyruscompressirostrisxCampylomormyrusrhynchophorus,CcoxCrh,adult,SM,1,4
comrhy59,CcoxCrh_comrhy59_EO_6cm_1_htseqcounts_revstranded.txt,SRR25630299,PRJNA1005245,CampylomormyruscompressirostrisxCampylomormyrusrhynchophorus,CcoxCrh,6cm,EO,1,4
comrhy60,CcoxCrh_comrhy60_EO_6cm_1_htseqcounts_revstranded.txt,SRR25630297,PRJNA1005245,CampylomormyruscompressirostrisxCampylomormyrusrhynchophorus,CcoxCrh,6cm,EO,1,4
comrhy61,CcoxCrh_comrhy61_EO_6cm_1_htseqcounts_revstranded.txt,SRR25630296,PRJNA1005245,CampylomormyruscompressirostrisxCampylomormyrusrhynchophorus,CcoxCrh,6cm,EO,1,4
comrhy62,CcoxCrh_comrhy62_EO_6cm_1_htseqcounts_revstranded.txt,SRR25630295,PRJNA1005245,CampylomormyruscompressirostrisxCampylomormyrusrhynchophorus,CcoxCrh,6cm,EO,1,4
comrhy63,CcoxCrh_comrhy63_EO_6cm_1_htseqcounts_revstranded.txt,SRR25630298,PRJNA1005245,CampylomormyruscompressirostrisxCampylomormyrusrhynchophorus,CcoxCrh,6cm,EO,1,4
comtsh126,CcoxCts_comtsh126_EO_adult_1_htseqcounts_revstranded.txt,SRR25630390,PRJNA1005244,CampylomormyruscompressirostrisxCampylomormyrustshokwe,CcoxCts,adult,EO,1,0.5
comtsh127,CcoxCts_comtsh127_EO_adult_1_htseqcounts_revstranded.txt,SRR25630389,PRJNA1005244,CampylomormyruscompressirostrisxCampylomormyrustshokwe,CcoxCts,adult,EO,1,0.5
comtsh128,CcoxCts_comtsh128_EO_adult_1_htseqcounts_revstranded.txt,SRR25630388,PRJNA1005244,CampylomormyruscompressirostrisxCampylomormyrustshokwe,CcoxCts,adult,EO,1,0.5
comtsh129,CcoxCts_comtsh129_EO_adult_1_htseqcounts_revstranded.txt,SRR25630387,PRJNA1005244,CampylomormyruscompressirostrisxCampylomormyrustshokwe,CcoxCts,adult,EO,1,0.5
comtsh130,CcoxCts_comtsh130_EO_adult_1_htseqcounts_revstranded.txt,SRR25630386,PRJNA1005244,CampylomormyruscompressirostrisxCampylomormyrustshokwe,CcoxCts,adult,EO,1,0.5
comtsh35,CcoxCts_comtsh35_SM_adult_1_htseqcounts_revstranded.txt,SRR25630347,PRJNA1005244,CampylomormyruscompressirostrisxCampylomormyrustshokwe,CcoxCts,adult,SM,1,0.5
comtsh36,CcoxCts_comtsh36_SM_adult_1_htseqcounts_revstranded.txt,SRR25630345,PRJNA1005244,CampylomormyruscompressirostrisxCampylomormyrustshokwe,CcoxCts,adult,SM,1,0.5
comtsh38,CcoxCts_comtsh38_SM_adult_1_htseqcounts_revstranded.txt,SRR25630343,PRJNA1005244,CampylomormyruscompressirostrisxCampylomormyrustshokwe,CcoxCts,adult,SM,1,0.5
rhy106,Crh_rhy106_EO_adult_1_htseqcounts_revstranded.txt,SRR25630399,PRJNA1005244,Campylomormyrusrhynchophorus,Crh,adult,EO,1,40
rhy107,Crh_rhy107_EO_adult_1_htseqcounts_revstranded.txt,SRR25630397,PRJNA1005244,Campylomormyrusrhynchophorus,Crh,adult,EO,1,40
rhy109,Crh_rhy109_EO_adult_1_htseqcounts_revstranded.txt,SRR25630396,PRJNA1005244,Campylomormyrusrhynchophorus,Crh,adult,EO,1,40
rhy115,Crh_rhy115_EO_adult_1_htseqcounts_revstranded.txt,SRR25630395,PRJNA1005245,Campylomormyrusrhynchophorus,Crh,adult,EO,2,40
rhy116,Crh_rhy116_EO_adult_1_htseqcounts_revstranded.txt,SRR25630391,PRJNA1005244,Campylomormyrusrhynchophorus,Crh,adult,EO,1,40
rhy17,Crh_rhy17_SM_adult_1_htseqcounts_revstranded.txt,SRR25630361,PRJNA1005244,Campylomormyrusrhynchophorus,Crh,adult,SM,1,40
rhy18,Crh_rhy18_SM_adult_1_htseqcounts_revstranded.txt,SRR25630358,PRJNA1005244,Campylomormyrusrhynchophorus,Crh,adult,SM,1,40
rhy19,Crh_rhy19_SM_adult_1_htseqcounts_revstranded.txt,SRR25630356,PRJNA1005244,Campylomormyrusrhynchophorus,Crh,adult,SM,1,40
rhy20,Crh_rhy20_SM_adult_1_htseqcounts_revstranded.txt,SRR25630354,PRJNA1005244,Campylomormyrusrhynchophorus,Crh,adult,SM,1,40
rhy21,Crh_rhy21_SM_adult_1_htseqcounts_revstranded.txt,SRR25630352,PRJNA1005244,Campylomormyrusrhynchophorus,Crh,adult,SM,1,40
rhy49,Crh_rhy49_EO_6cm_1_htseqcounts_revstranded.txt,SRR25630304,PRJNA1005245,Campylomormyrusrhynchophorus,Crh,6cm,EO,1,40
rhy50,Crh_rhy50_EO_6cm_1_htseqcounts_revstranded.txt,SRR25630303,PRJNA1005245,Campylomormyrusrhynchophorus,Crh,6cm,EO,1,40
rhy51,Crh_rhy51_EO_6cm_1_htseqcounts_revstranded.txt,SRR25630302,PRJNA1005245,Campylomormyrusrhynchophorus,Crh,6cm,EO,1,40
rhy52,Crh_rhy52_EO_6cm_1_htseqcounts_revstranded.txt,SRR25630301,PRJNA1005245,Campylomormyrusrhynchophorus,Crh,6cm,EO,1,40
rhy53,Crh_rhy53_EO_6cm_1_htseqcounts_revstranded.txt,SRR25630300,PRJNA1005245,Campylomormyrus rhynchophorus,Crh,6cm,EO,1,5
tsh117,Cts_tsh117_EO_adult_1_htseqcounts_revstranded.txt,SRR25630404,PRJNA1005244,Campylomormyrustshokwe,Cts,adult,EO,1,5
tsh118,Cts_tsh118_EO_adult_1_htseqcounts_revstranded.txt,SRR25630402,PRJNA1005244,Campylomormyrustshokwe,Cts,adult,EO,1,5
tsh120,Cts_tsh120_EO_adult_1_htseqcounts_revstranded.txt,SRR25630400,PRJNA1005244,Campylomormyrustshokwe,Cts,adult,EO,1,5
tshBr_c26,Cts_tshBr_c26_SM_adult_1_htseqcounts_revstranded.txt,SRR25630365,PRJNA1005244,Campylomormyrustshokwe,Cts,adult,SM,1,5
tshBr_c39,Cts_tshBr_c39_SM_adult_1_htseqcounts_revstranded.txt,SRR25630363,PRJNA1005244,Campylomormyrustshokwe,Cts,adult,SM,1,5
tshBr_c48,Cts_tshBr_c48_SM_adult_1_htseqcounts_revstranded.txt,SRR25630362,PRJNA1005244,Campylomormyrustshokwe,Cts,adult,SM,1,5